,"Population, total",CO2 emissions (kt),Forest area (sq. km),Agricultural land (sq. km)
count,24.0,24.0,24.0,24.0
mean,1264851666.6666667,4986426.682942708,1812953.1745833333,5239516.0
std,67882217.25047421,2565195.117739501,154574.05356496977,56036.13413957696
min,1135185000.0,2173360.0,1571405.9,5065920.0
25%,1214376250.0,3084092.5,1685600.67,5237267.5
50%,1276125000.0,3669570.029296875,1805420.245,5246187.6665
75%,1319577500.0,7044785.15625,1941176.7675,5280093.72225
max,1363240000.0,9984570.3125,2064207.02,5290386.0
